Datetime,Water Level (m)
2025-07-14 06:00:00,0.7637194
2025-07-14 07:00:00,0.7054996
2025-07-14 08:00:00,0.6611633
2025-07-14 09:00:00,0.6305626
2025-07-14 10:00:00,0.6429893
2025-07-14 11:00:00,0.7667504
2025-07-14 12:00:00,0.9529775
2025-07-14 13:00:00,1.129547
2025-07-14 14:00:00,1.2669568
2025-07-14 15:00:00,1.357278
2025-07-14 16:00:00,1.3454168
2025-07-14 17:00:00,1.232898
2025-07-14 18:00:00,1.1400646
2025-07-14 19:00:00,1.0709867
2025-07-14 20:00:00,1.0163544
2025-07-14 21:00:00,0.97200334
2025-07-14 22:00:00,0.93598735
2025-07-14 23:00:00,0.91526806
2025-07-15 00:00:00,0.97655874
2025-07-15 01:00:00,1.1328671
2025-07-15 02:00:00,1.3020569
2025-07-15 03:00:00,1.4071846
2025-07-15 04:00:00,1.401763
2025-07-15 05:00:00,1.3298521
2025-07-15 06:00:00,1.2581831
2025-07-15 07:00:00,1.1967906
2025-07-15 08:00:00,1.1463726
2025-07-15 09:00:00,1.1032383
2025-07-15 10:00:00,1.0662615
2025-07-15 11:00:00,1.043099
2025-07-15 12:00:00,1.0947098
2025-07-15 13:00:00,1.2516928
2025-07-15 14:00:00,1.433661
2025-07-15 15:00:00,1.5583925
2025-07-15 16:00:00,1.5589316
2025-07-15 17:00:00,1.4742239
2025-07-15 18:00:00,1.3927782
2025-07-15 19:00:00,1.3232371
2025-07-15 20:00:00,1.2647041
2025-07-15 21:00:00,1.2144601
2025-07-15 22:00:00,1.1719902
2025-07-15 23:00:00,1.1343126
2025-07-16 00:00:00,1.1129119
2025-07-16 01:00:00,1.1614492
2025-07-16 02:00:00,1.2958273
2025-07-16 03:00:00,1.4292028
2025-07-16 04:00:00,1.4950265
2025-07-16 05:00:00,1.4724206
2025-07-16 06:00:00,1.4135145
2025-07-16 07:00:00,1.3521205
2025-07-16 08:00:00,1.2969569
2025-07-16 09:00:00,1.2491285
2025-07-16 10:00:00,1.2081834
2025-07-16 11:00:00,1.1728426
2025-07-16 12:00:00,1.1552069
2025-07-16 13:00:00,1.2136698
2025-07-16 14:00:00,1.3507091
2025-07-16 15:00:00,1.493463
2025-07-16 16:00:00,1.5722489
2025-07-16 17:00:00,1.551905
2025-07-16 18:00:00,1.4844793
2025-07-16 19:00:00,1.4156351
2025-07-16 20:00:00,1.3546294
2025-07-16 21:00:00,1.301315
2025-07-16 22:00:00,1.2537487
2025-07-16 23:00:00,1.2128438
2025-07-17 00:00:00,1.1777713
2025-07-17 01:00:00,1.1652888
2025-07-17 02:00:00,1.2299061
2025-07-17 03:00:00,1.3557185
2025-07-17 04:00:00,1.4641026
2025-07-17 05:00:00,1.5011044
2025-07-17 06:00:00,1.4687072
2025-07-17 07:00:00,1.4124665
2025-07-17 08:00:00,1.3551716
2025-07-17 09:00:00,1.303792
2025-07-17 10:00:00,1.2592291
2025-07-17 11:00:00,1.219921
2025-07-17 12:00:00,1.1871719
2025-07-17 13:00:00,1.1734923
2025-07-17 14:00:00,1.2262356
2025-07-17 15:00:00,1.3456675
2025-07-17 16:00:00,1.460234
2025-07-17 17:00:00,1.5104833
2025-07-17 18:00:00,1.4874214
2025-07-17 19:00:00,1.4332749
2025-07-17 20:00:00,1.3757393
2025-07-17 21:00:00,1.322812
2025-07-17 22:00:00,1.2759612
2025-07-17 23:00:00,1.2342348
2025-07-18 00:00:00,1.1973456
2025-07-18 01:00:00,1.1668363
2025-07-18 02:00:00,1.1638658
2025-07-18 03:00:00,1.2352782
2025-07-18 04:00:00,1.3559304
2025-07-18 05:00:00,1.455709
2025-07-18 06:00:00,1.4923148
2025-07-18 07:00:00,1.4659082
2025-07-18 08:00:00,1.4146007
2025-07-18 09:00:00,1.3613403
2025-07-18 10:00:00,1.3124529
2025-07-18 11:00:00,1.2691058
2025-07-18 12:00:00,1.2303616
2025-07-18 13:00:00,1.1986908
2025-07-18 14:00:00,1.1841521
2025-07-18 15:00:00,1.2237134
2025-07-18 16:00:00,1.3243703
2025-07-18 17:00:00,1.419599
2025-07-18 18:00:00,1.4574785
2025-07-18 19:00:00,1.4387251
2025-07-18 20:00:00,1.3949175
2025-07-18 21:00:00,1.3464322
2025-07-18 22:00:00,1.3002478
2025-07-18 23:00:00,1.2584229
2025-07-19 00:00:00,1.2206343
2025-07-19 01:00:00,1.1874295
2025-07-19 02:00:00,1.1606174
2025-07-19 03:00:00,1.1640587
2025-07-19 04:00:00,1.2377299
2025-07-19 05:00:00,1.3586862
2025-07-19 06:00:00,1.4593362
2025-07-19 07:00:00,1.5027945
2025-07-19 08:00:00,1.4807442
2025-07-19 09:00:00,1.4310188
2025-07-19 10:00:00,1.3787695
2025-07-19 11:00:00,1.3309982
2025-07-19 12:00:00,1.2879343
2025-07-19 13:00:00,1.2497532
2025-07-19 14:00:00,1.2179078
2025-07-19 15:00:00,1.1977592
2025-07-19 16:00:00,1.2128904
2025-07-19 17:00:00,1.2870275
2025-07-19 18:00:00,1.3780634
2025-07-19 19:00:00,1.4263511
2025-07-19 20:00:00,1.4224386
2025-07-19 21:00:00,1.388249
2025-07-19 22:00:00,1.3443928
2025-07-19 23:00:00,1.3006035
2025-07-20 00:00:00,1.2610162
2025-07-20 01:00:00,1.2255293
2025-07-20 02:00:00,1.1934012
2025-07-20 03:00:00,1.1678458
2025-07-20 04:00:00,1.1671722
2025-07-20 05:00:00,1.2307426
2025-07-20 06:00:00,1.3476887
